,E-1,E-10,E-2,E-3,E-4,E-5,E-6,E-7,E-8,E-9,LINEAR_FORECAST,VALUE,Z-1,Z-10,Z-2,Z-3,Z-4,Z-5,Z-6,Z-7,Z-8,Z-9
0,32.5549906849,7.17863836284,16.9955012598,22.2211426518,-6.3724060524,-4.94915603939,4.62855773506,5.20540214188,-23.9691293353,22.378059908,117.82999108,100.8,73.5450093151,55.7213616372,52.8044987402,15.5788573482,17.7724060524,25.8491560394,31.7714422649,39.8945978581,85.1691293353,63.521940092
1,-17.0299910803,22.378059908,32.5549906849,16.9955012598,22.2211426518,-6.3724060524,-4.94915603939,4.62855773506,5.20540214188,-23.9691293353,94.8199381219,81.6,117.82999108,63.521940092,73.5450093151,52.8044987402,15.5788573482,17.7724060524,25.8491560394,31.7714422649,39.8945978581,85.1691293353
2,-13.2199381219,-23.9691293353,-17.0299910803,32.5549906849,16.9955012598,22.2211426518,-6.3724060524,-4.94915603939,4.62855773506,5.20540214188,68.2371009141,66.5,94.8199381219,85.1691293353,117.82999108,73.5450093151,52.8044987402,15.5788573482,17.7724060524,25.8491560394,31.7714422649,39.8945978581
3,-1.73710091413,5.20540214188,-13.2199381219,-17.0299910803,32.5549906849,16.9955012598,22.2211426518,-6.3724060524,-4.94915603939,4.62855773506,53.6055730405,34.8,68.2371009141,39.8945978581,94.8199381219,117.82999108,73.5450093151,52.8044987402,15.5788573482,17.7724060524,25.8491560394,31.7714422649
4,-18.8055730405,4.62855773506,-1.73710091413,-13.2199381219,-17.0299910803,32.5549906849,16.9955012598,22.2211426518,-6.3724060524,-4.94915603939,20.7028565249,30.6,53.6055730405,31.7714422649,68.2371009141,94.8199381219,117.82999108,73.5450093151,52.8044987402,15.5788573482,17.7724060524,25.8491560394
5,9.89714347515,-4.94915603939,-18.8055730405,-1.73710091413,-13.2199381219,-17.0299910803,32.5549906849,16.9955012598,22.2211426518,-6.3724060524,23.6235216757,7.0,20.7028565249,25.8491560394,53.6055730405,68.2371009141,94.8199381219,117.82999108,73.5450093151,52.8044987402,15.5788573482,17.7724060524
6,-16.6235216757,-6.3724060524,9.89714347515,-18.8055730405,-1.73710091413,-13.2199381219,-17.0299910803,32.5549906849,16.9955012598,22.2211426518,10.2579168443,19.8,23.6235216757,17.7724060524,20.7028565249,53.6055730405,68.2371009141,94.8199381219,117.82999108,73.5450093151,52.8044987402,15.5788573482
7,9.54208315574,22.2211426518,-16.6235216757,9.89714347515,-18.8055730405,-1.73710091413,-13.2199381219,-17.0299910803,32.5549906849,16.9955012598,36.978524392,92.5,10.2579168443,15.5788573482,23.6235216757,20.7028565249,53.6055730405,68.2371009141,94.8199381219,117.82999108,73.5450093151,52.8044987402
8,55.521475608,16.9955012598,9.54208315574,-16.6235216757,9.89714347515,-18.8055730405,-1.73710091413,-13.2199381219,-17.0299910803,32.5549906849,120.217038796,154.4,36.978524392,52.8044987402,10.2579168443,23.6235216757,20.7028565249,53.6055730405,68.2371009141,94.8199381219,117.82999108,73.5450093151
9,34.1829612038,32.5549906849,55.521475608,9.54208315574,-16.6235216757,9.89714347515,-18.8055730405,-1.73710091413,-13.2199381219,-17.0299910803,173.307212449,125.9,120.217038796,73.5450093151,36.978524392,10.2579168443,23.6235216757,20.7028565249,53.6055730405,68.2371009141,94.8199381219,117.82999108
10,-47.4072124493,-17.0299910803,34.1829612038,55.521475608,9.54208315574,-16.6235216757,9.89714347515,-18.8055730405,-1.73710091413,-13.2199381219,99.7857262707,84.8,173.307212449,117.82999108,120.217038796,36.978524392,10.2579168443,23.6235216757,20.7028565249,53.6055730405,68.2371009141,94.8199381219
11,-14.9857262707,-13.2199381219,-47.4072124493,34.1829612038,55.521475608,9.54208315574,-16.6235216757,9.89714347515,-18.8055730405,-1.73710091413,75.1096054975,68.1,99.7857262707,94.8199381219,173.307212449,120.217038796,36.978524392,10.2579168443,23.6235216757,20.7028565249,53.6055730405,68.2371009141
12,-7.00960549751,-1.73710091413,-14.9857262707,-47.4072124493,34.1829612038,55.521475608,9.54208315574,-16.6235216757,9.89714347515,-18.8055730405,59.0397735693,38.5,75.1096054975,68.2371009141,99.7857262707,173.307212449,120.217038796,36.978524392,10.2579168443,23.6235216757,20.7028565249,53.6055730405
13,-20.5397735693,-18.8055730405,-7.00960549751,-14.9857262707,-47.4072124493,34.1829612038,55.521475608,9.54208315574,-16.6235216757,9.89714347515,17.3905669685,22.8,59.0397735693,53.6055730405,75.1096054975,99.7857262707,173.307212449,120.217038796,36.978524392,10.2579168443,23.6235216757,20.7028565249
14,5.40943303154,9.89714347515,-20.5397735693,-7.00960549751,-14.9857262707,-47.4072124493,34.1829612038,55.521475608,9.54208315574,-16.6235216757,14.7526188743,10.2,17.3905669685,20.7028565249,59.0397735693,75.1096054975,99.7857262707,173.307212449,120.217038796,36.978524392,10.2579168443,23.6235216757
15,-4.55261887433,-16.6235216757,5.40943303154,-20.5397735693,-7.00960549751,-14.9857262707,-47.4072124493,34.1829612038,55.521475608,9.54208315574,17.0372662059,24.1,14.7526188743,23.6235216757,17.3905669685,59.0397735693,75.1096054975,99.7857262707,173.307212449,120.217038796,36.978524392,10.2579168443
16,7.06273379408,9.54208315574,-4.55261887433,5.40943303154,-20.5397735693,-7.00960549751,-14.9857262707,-47.4072124493,34.1829612038,55.521475608,57.72504488,82.9,17.0372662059,10.2579168443,14.7526188743,17.3905669685,59.0397735693,75.1096054975,99.7857262707,173.307212449,120.217038796,36.978524392
17,25.17495512,55.521475608,7.06273379408,-4.55261887433,5.40943303154,-20.5397735693,-7.00960549751,-14.9857262707,-47.4072124493,34.1829612038,130.229003129,132.0,57.72504488,36.978524392,17.0372662059,14.7526188743,17.3905669685,59.0397735693,75.1096054975,99.7857262707,173.307212449,120.217038796
18,1.7709968707,34.1829612038,25.17495512,7.06273379408,-4.55261887433,5.40943303154,-20.5397735693,-7.00960549751,-14.9857262707,-47.4072124493,143.560823675,130.9,130.229003129,120.217038796,57.72504488,17.0372662059,14.7526188743,17.3905669685,59.0397735693,75.1096054975,99.7857262707,173.307212449
19,-12.6608236746,-47.4072124493,1.7709968707,25.17495512,7.06273379408,-4.55261887433,5.40943303154,-20.5397735693,-7.00960549751,-14.9857262707,111.977996183,118.1,143.560823675,173.307212449,130.229003129,57.72504488,17.0372662059,14.7526188743,17.3905669685,59.0397735693,75.1096054975,99.7857262707
20,6.12200381654,-14.9857262707,-12.6608236746,1.7709968707,25.17495512,7.06273379408,-4.55261887433,5.40943303154,-20.5397735693,-7.00960549751,101.969741943,89.9,111.977996183,99.7857262707,143.560823675,130.229003129,57.72504488,17.0372662059,14.7526188743,17.3905669685,59.0397735693,75.1096054975
21,-12.069741943,-7.00960549751,6.12200381654,-12.6608236746,1.7709968707,25.17495512,7.06273379408,-4.55261887433,5.40943303154,-20.5397735693,62.4253325147,66.6,101.969741943,75.1096054975,111.977996183,143.560823675,130.229003129,57.72504488,17.0372662059,14.7526188743,17.3905669685,59.0397735693
22,4.17466748535,-20.5397735693,-12.069741943,6.12200381654,-12.6608236746,1.7709968707,25.17495512,7.06273379408,-4.55261887433,5.40943303154,42.2827240019,60.0,62.4253325147,59.0397735693,101.969741943,111.977996183,143.560823675,130.229003129,57.72504488,17.0372662059,14.7526188743,17.3905669685
23,17.7172759981,5.40943303154,4.17466748535,-12.069741943,6.12200381654,-12.6608236746,1.7709968707,25.17495512,7.06273379408,-4.55261887433,43.4251132725,46.9,42.2827240019,17.3905669685,62.4253325147,101.969741943,111.977996183,143.560823675,130.229003129,57.72504488,17.0372662059,14.7526188743
24,3.47488672747,-4.55261887433,17.7172759981,4.17466748535,-12.069741943,6.12200381654,-12.6608236746,1.7709968707,25.17495512,7.06273379408,42.8724614763,41.0,43.4251132725,14.7526188743,42.2827240019,62.4253325147,101.969741943,111.977996183,143.560823675,130.229003129,57.72504488,17.0372662059
25,-1.87246147629,7.06273379408,3.47488672747,17.7172759981,4.17466748535,-12.069741943,6.12200381654,-12.6608236746,1.7709968707,25.17495512,62.847466627,21.3,42.8724614763,17.0372662059,43.4251132725,42.2827240019,62.4253325147,101.969741943,111.977996183,143.560823675,130.229003129,57.72504488
26,-41.547466627,25.17495512,-1.87246147629,3.47488672747,17.7172759981,4.17466748535,-12.069741943,6.12200381654,-12.6608236746,1.7709968707,49.3958693106,16.0,62.847466627,57.72504488,42.8724614763,43.4251132725,42.2827240019,62.4253325147,101.969741943,111.977996183,143.560823675,130.229003129
27,-33.3958693106,1.7709968707,-41.547466627,-1.87246147629,3.47488672747,17.7172759981,4.17466748535,-12.069741943,6.12200381654,-12.6608236746,47.6048992157,6.4,49.3958693106,130.229003129,62.847466627,42.8724614763,43.4251132725,42.2827240019,62.4253325147,101.969741943,111.977996183,143.560823675
28,-41.2048992157,-12.6608236746,-33.3958693106,-41.547466627,-1.87246147629,3.47488672747,17.7172759981,4.17466748535,-12.069741943,6.12200381654,22.3777842321,4.1,47.6048992157,143.560823675,49.3958693106,62.847466627,42.8724614763,43.4251132725,42.2827240019,62.4253325147,101.969741943,111.977996183
29,-18.2777842321,6.12200381654,-41.2048992157,-33.3958693106,-41.547466627,-1.87246147629,3.47488672747,17.7172759981,4.17466748535,-12.069741943,16.5702091357,6.8,22.3777842321,111.977996183,47.6048992157,49.3958693106,62.847466627,42.8724614763,43.4251132725,42.2827240019,62.4253325147,101.969741943
30,-9.77020913574,-12.069741943,-18.2777842321,-41.2048992157,-33.3958693106,-41.547466627,-1.87246147629,3.47488672747,17.7172759981,4.17466748535,15.0211754259,14.5,16.5702091357,101.969741943,22.3777842321,47.6048992157,49.3958693106,62.847466627,42.8724614763,43.4251132725,42.2827240019,62.4253325147
31,-0.521175425854,4.17466748535,-9.77020913574,-18.2777842321,-41.2048992157,-33.3958693106,-41.547466627,-1.87246147629,3.47488672747,17.7172759981,25.4994324757,34.0,15.0211754259,62.4253325147,16.5702091357,22.3777842321,47.6048992157,49.3958693106,62.847466627,42.8724614763,43.4251132725,42.2827240019
32,8.5005675243,17.7172759981,-0.521175425854,-9.77020913574,-18.2777842321,-41.2048992157,-33.3958693106,-41.547466627,-1.87246147629,3.47488672747,42.4444049997,45.0,25.4994324757,42.2827240019,15.0211754259,16.5702091357,22.3777842321,47.6048992157,49.3958693106,62.847466627,42.8724614763,43.4251132725
33,2.55559500029,3.47488672747,8.5005675243,-0.521175425854,-9.77020913574,-18.2777842321,-41.2048992157,-33.3958693106,-41.547466627,-1.87246147629,46.0491527084,43.1,42.4444049997,43.4251132725,25.4994324757,15.0211754259,16.5702091357,22.3777842321,47.6048992157,49.3958693106,62.847466627,42.8724614763
34,-2.94915270841,-1.87246147629,2.55559500029,8.5005675243,-0.521175425854,-9.77020913574,-18.2777842321,-41.2048992157,-33.3958693106,-41.547466627,34.526474633,47.5,46.0491527084,42.8724614763,42.4444049997,25.4994324757,15.0211754259,16.5702091357,22.3777842321,47.6048992157,49.3958693106,62.847466627
35,12.973525367,-41.547466627,-2.94915270841,2.55559500029,8.5005675243,-0.521175425854,-9.77020913574,-18.2777842321,-41.2048992157,-33.3958693106,43.0654859531,42.2,34.526474633,62.847466627,46.0491527084,42.4444049997,25.4994324757,15.0211754259,16.5702091357,22.3777842321,47.6048992157,49.3958693106
36,-0.865485953092,-33.3958693106,12.973525367,-2.94915270841,2.55559500029,8.5005675243,-0.521175425854,-9.77020913574,-18.2777842321,-41.2048992157,31.1035193009,28.1,43.0654859531,49.3958693106,34.526474633,46.0491527084,42.4444049997,25.4994324757,15.0211754259,16.5702091357,22.3777842321,47.6048992157
37,-3.00351930091,-41.2048992157,-0.865485953092,12.973525367,-2.94915270841,2.55559500029,8.5005675243,-0.521175425854,-9.77020913574,-18.2777842321,16.7645634241,10.1,31.1035193009,47.6048992157,43.0654859531,34.526474633,46.0491527084,42.4444049997,25.4994324757,15.0211754259,16.5702091357,22.3777842321
38,-6.66456342414,-18.2777842321,-3.00351930091,-0.865485953092,12.973525367,-2.94915270841,2.55559500029,8.5005675243,-0.521175425854,-9.77020913574,3.02543192331,8.1,16.7645634241,22.3777842321,31.1035193009,43.0654859531,34.526474633,46.0491527084,42.4444049997,25.4994324757,15.0211754259,16.5702091357
39,5.07456807669,-9.77020913574,-6.66456342414,-3.00351930091,-0.865485953092,12.973525367,-2.94915270841,2.55559500029,8.5005675243,-0.521175425854,13.2363493229,2.5,3.02543192331,16.5702091357,16.7645634241,31.1035193009,43.0654859531,34.526474633,46.0491527084,42.4444049997,25.4994324757,15.0211754259
40,-10.7363493229,-0.521175425854,5.07456807669,-6.66456342414,-3.00351930091,-0.865485953092,12.973525367,-2.94915270841,2.55559500029,8.5005675243,7.83710064777,0.0,13.2363493229,15.0211754259,3.02543192331,16.7645634241,31.1035193009,43.0654859531,34.526474633,46.0491527084,42.4444049997,25.4994324757
41,-7.83710064777,8.5005675243,-10.7363493229,5.07456807669,-6.66456342414,-3.00351930091,-0.865485953092,12.973525367,-2.94915270841,2.55559500029,9.36063267489,1.4,7.83710064777,25.4994324757,13.2363493229,3.02543192331,16.7645634241,31.1035193009,43.0654859531,34.526474633,46.0491527084,42.4444049997
42,-7.96063267489,2.55559500029,-7.83710064777,-10.7363493229,5.07456807669,-6.66456342414,-3.00351930091,-0.865485953092,12.973525367,-2.94915270841,10.4480760502,5.0,9.36063267489,42.4444049997,7.83710064777,13.2363493229,3.02543192331,16.7645634241,31.1035193009,43.0654859531,34.526474633,46.0491527084
43,-5.44807605016,-2.94915270841,-7.96063267489,-7.83710064777,-10.7363493229,5.07456807669,-6.66456342414,-3.00351930091,-0.865485953092,12.973525367,14.99624882,12.2,10.4480760502,46.0491527084,9.36063267489,7.83710064777,13.2363493229,3.02543192331,16.7645634241,31.1035193009,43.0654859531,34.526474633
44,-2.79624882004,12.973525367,-5.44807605016,-7.96063267489,-7.83710064777,-10.7363493229,5.07456807669,-6.66456342414,-3.00351930091,-0.865485953092,18.3435109981,13.9,14.99624882,34.526474633,10.4480760502,9.36063267489,7.83710064777,13.2363493229,3.02543192331,16.7645634241,31.1035193009,43.0654859531
45,-4.44351099815,-0.865485953092,-2.79624882004,-5.44807605016,-7.96063267489,-7.83710064777,-10.7363493229,5.07456807669,-6.66456342414,-3.00351930091,13.7291465396,35.4,18.3435109981,43.0654859531,14.99624882,10.4480760502,9.36063267489,7.83710064777,13.2363493229,3.02543192331,16.7645634241,31.1035193009
46,21.6708534604,-3.00351930091,-4.44351099815,-2.79624882004,-5.44807605016,-7.96063267489,-7.83710064777,-10.7363493229,5.07456807669,-6.66456342414,39.2100048922,45.8,13.7291465396,31.1035193009,18.3435109981,14.99624882,10.4480760502,9.36063267489,7.83710064777,13.2363493229,3.02543192331,16.7645634241
47,6.58999510782,-6.66456342414,21.6708534604,-4.44351099815,-2.79624882004,-5.44807605016,-7.96063267489,-7.83710064777,-10.7363493229,5.07456807669,40.6868375539,41.1,39.2100048922,16.7645634241,13.7291465396,18.3435109981,14.99624882,10.4480760502,9.36063267489,7.83710064777,13.2363493229,3.02543192331
48,0.413162446129,5.07456807669,6.58999510782,21.6708534604,-4.44351099815,-2.79624882004,-5.44807605016,-7.96063267489,-7.83710064777,-10.7363493229,30.3908808129,30.1,40.6868375539,3.02543192331,39.2100048922,13.7291465396,18.3435109981,14.99624882,10.4480760502,9.36063267489,7.83710064777,13.2363493229
49,-0.290880812884,-10.7363493229,0.413162446129,6.58999510782,21.6708534604,-4.44351099815,-2.79624882004,-5.44807605016,-7.96063267489,-7.83710064777,19.4277022315,23.9,30.3908808129,13.2363493229,40.6868375539,39.2100048922,13.7291465396,18.3435109981,14.99624882,10.4480760502,9.36063267489,7.83710064777
50,4.47229776851,-7.83710064777,-0.290880812884,0.413162446129,6.58999510782,21.6708534604,-4.44351099815,-2.79624882004,-5.44807605016,-7.96063267489,18.8549311608,15.6,19.4277022315,7.83710064777,30.3908808129,40.6868375539,39.2100048922,13.7291465396,18.3435109981,14.99624882,10.4480760502,9.36063267489
51,-3.25493116082,-7.96063267489,4.47229776851,-0.290880812884,0.413162446129,6.58999510782,21.6708534604,-4.44351099815,-2.79624882004,-5.44807605016,9.27570844175,6.6,18.8549311608,9.36063267489,19.4277022315,30.3908808129,40.6868375539,39.2100048922,13.7291465396,18.3435109981,14.99624882,10.4480760502
52,-2.67570844175,-5.44807605016,-3.25493116082,4.47229776851,-0.290880812884,0.413162446129,6.58999510782,21.6708534604,-4.44351099815,-2.79624882004,5.13051201397,4.0,9.27570844175,10.4480760502,18.8549311608,19.4277022315,30.3908808129,40.6868375539,39.2100048922,13.7291465396,18.3435109981,14.99624882
53,-1.13051201397,-2.79624882004,-2.67570844175,-3.25493116082,4.47229776851,-0.290880812884,0.413162446129,6.58999510782,21.6708534604,-4.44351099815,7.70219846478,1.8,5.13051201397,14.99624882,9.27570844175,18.8549311608,19.4277022315,30.3908808129,40.6868375539,39.2100048922,13.7291465396,18.3435109981
54,-5.90219846478,-4.44351099815,-1.13051201397,-2.67570844175,-3.25493116082,4.47229776851,-0.290880812884,0.413162446129,6.58999510782,21.6708534604,10.3605031393,8.5,7.70219846478,18.3435109981,5.13051201397,9.27570844175,18.8549311608,19.4277022315,30.3908808129,40.6868375539,39.2100048922,13.7291465396
55,-1.86050313931,21.6708534604,-5.90219846478,-1.13051201397,-2.67570844175,-3.25493116082,4.47229776851,-0.290880812884,0.413162446129,6.58999510782,19.5089345751,16.6,10.3605031393,13.7291465396,7.70219846478,5.13051201397,9.27570844175,18.8549311608,19.4277022315,30.3908808129,40.6868375539,39.2100048922
56,-2.9089345751,6.58999510782,-1.86050313931,-5.90219846478,-1.13051201397,-2.67570844175,-3.25493116082,4.47229776851,-0.290880812884,0.413162446129,23.2069320654,36.3,19.5089345751,39.2100048922,10.3605031393,7.70219846478,5.13051201397,9.27570844175,18.8549311608,19.4277022315,30.3908808129,40.6868375539
57,13.0930679346,0.413162446129,-2.9089345751,-1.86050313931,-5.90219846478,-1.13051201397,-2.67570844175,-3.25493116082,4.47229776851,-0.290880812884,43.0359152834,49.6,23.2069320654,40.6868375539,19.5089345751,10.3605031393,7.70219846478,5.13051201397,9.27570844175,18.8549311608,19.4277022315,30.3908808129
58,6.56408471661,-0.290880812884,13.0930679346,-2.9089345751,-1.86050313931,-5.90219846478,-1.13051201397,-2.67570844175,-3.25493116082,4.47229776851,48.0411462962,64.2,43.0359152834,30.3908808129,23.2069320654,19.5089345751,10.3605031393,7.70219846478,5.13051201397,9.27570844175,18.8549311608,19.4277022315
59,16.1588537038,4.47229776851,6.56408471661,13.0930679346,-2.9089345751,-1.86050313931,-5.90219846478,-1.13051201397,-2.67570844175,-3.25493116082,60.7324239803,67.0,48.0411462962,19.4277022315,43.0359152834,23.2069320654,19.5089345751,10.3605031393,7.70219846478,5.13051201397,9.27570844175,18.8549311608
60,6.26757601966,-3.25493116082,16.1588537038,6.56408471661,13.0930679346,-2.9089345751,-1.86050313931,-5.90219846478,-1.13051201397,-2.67570844175,54.8006360955,70.9,60.7324239803,18.8549311608,48.0411462962,43.0359152834,23.2069320654,19.5089345751,10.3605031393,7.70219846478,5.13051201397,9.27570844175
61,16.0993639045,-2.67570844175,6.26757601966,16.1588537038,6.56408471661,13.0930679346,-2.9089345751,-1.86050313931,-5.90219846478,-1.13051201397,61.1295849785,47.8,54.8006360955,9.27570844175,60.7324239803,48.0411462962,43.0359152834,23.2069320654,19.5089345751,10.3605031393,7.70219846478,5.13051201397
62,-13.3295849785,-1.13051201397,16.0993639045,6.26757601966,16.1588537038,6.56408471661,13.0930679346,-2.9089345751,-1.86050313931,-5.90219846478,27.0254864775,27.5,61.1295849785,5.13051201397,54.8006360955,60.7324239803,48.0411462962,43.0359152834,23.2069320654,19.5089345751,10.3605031393,7.70219846478
63,0.47451352252,-5.90219846478,-13.3295849785,16.0993639045,6.26757601966,16.1588537038,6.56408471661,13.0930679346,-2.9089345751,-1.86050313931,17.9829627711,8.5,27.0254864775,7.70219846478,61.1295849785,54.8006360955,60.7324239803,48.0411462962,43.0359152834,23.2069320654,19.5089345751,10.3605031393
64,-9.48296277106,-1.86050313931,0.47451352252,-13.3295849785,16.0993639045,6.26757601966,16.1588537038,6.56408471661,13.0930679346,-2.9089345751,3.93057217064,13.2,17.9829627711,10.3605031393,27.0254864775,61.1295849785,54.8006360955,60.7324239803,48.0411462962,43.0359152834,23.2069320654,19.5089345751
65,9.26942782936,-2.9089345751,-9.48296277106,0.47451352252,-13.3295849785,16.0993639045,6.26757601966,16.1588537038,6.56408471661,13.0930679346,24.4869980228,56.9,3.93057217064,19.5089345751,17.9829627711,27.0254864775,61.1295849785,54.8006360955,60.7324239803,48.0411462962,43.0359152834,23.2069320654
66,32.4130019772,13.0930679346,9.26942782936,-9.48296277106,0.47451352252,-13.3295849785,16.0993639045,6.26757601966,16.1588537038,6.56408471661,79.345237648,121.5,24.4869980228,23.2069320654,3.93057217064,17.9829627711,27.0254864775,61.1295849785,54.8006360955,60.7324239803,48.0411462962,43.0359152834
67,42.154762352,6.56408471661,32.4130019772,9.26942782936,-9.48296277106,0.47451352252,-13.3295849785,16.0993639045,6.26757601966,16.1588537038,145.775848644,138.3,79.345237648,43.0359152834,24.4869980228,3.93057217064,17.9829627711,27.0254864775,61.1295849785,54.8006360955,60.7324239803,48.0411462962
68,-7.47584864436,16.1588537038,42.154762352,32.4130019772,9.26942782936,-9.48296277106,0.47451352252,-13.3295849785,16.0993639045,6.26757601966,128.614575773,103.2,145.775848644,48.0411462962,79.345237648,24.4869980228,3.93057217064,17.9829627711,27.0254864775,61.1295849785,54.8006360955,60.7324239803
69,-25.4145757734,6.26757601966,-7.47584864436,42.154762352,32.4130019772,9.26942782936,-9.48296277106,0.47451352252,-13.3295849785,16.0993639045,75.1362380379,85.7,128.614575773,60.7324239803,145.775848644,79.345237648,24.4869980228,3.93057217064,17.9829627711,27.0254864775,61.1295849785,54.8006360955
70,10.5637619621,16.0993639045,-25.4145757734,-7.47584864436,42.154762352,32.4130019772,9.26942782936,-9.48296277106,0.47451352252,-13.3295849785,71.5463751435,64.6,75.1362380379,54.8006360955,128.614575773,145.775848644,79.345237648,24.4869980228,3.93057217064,17.9829627711,27.0254864775,61.1295849785
71,-6.94637514347,-13.3295849785,10.5637619621,-25.4145757734,-7.47584864436,42.154762352,32.4130019772,9.26942782936,-9.48296277106,0.47451352252,43.332085628,36.7,71.5463751435,61.1295849785,75.1362380379,128.614575773,145.775848644,79.345237648,24.4869980228,3.93057217064,17.9829627711,27.0254864775
72,-6.63208562799,0.47451352252,-6.94637514347,10.5637619621,-25.4145757734,-7.47584864436,42.154762352,32.4130019772,9.26942782936,-9.48296277106,16.5013453931,24.2,43.332085628,27.0254864775,71.5463751435,75.1362380379,128.614575773,145.775848644,79.345237648,24.4869980228,3.93057217064,17.9829627711
73,7.69865460691,-9.48296277106,-6.63208562799,-6.94637514347,10.5637619621,-25.4145757734,-7.47584864436,42.154762352,32.4130019772,9.26942782936,26.2435390346,10.7,16.5013453931,17.9829627711,43.332085628,71.5463751435,75.1362380379,128.614575773,145.775848644,79.345237648,24.4869980228,3.93057217064
74,-15.5435390346,9.26942782936,7.69865460691,-6.63208562799,-6.94637514347,10.5637619621,-25.4145757734,-7.47584864436,42.154762352,32.4130019772,24.1945829389,15.0,26.2435390346,3.93057217064,16.5013453931,43.332085628,71.5463751435,75.1362380379,128.614575773,145.775848644,79.345237648,24.4869980228
75,-9.19458293894,32.4130019772,-15.5435390346,7.69865460691,-6.63208562799,-6.94637514347,10.5637619621,-25.4145757734,-7.47584864436,42.154762352,46.2680183874,40.1,24.1945829389,24.4869980228,26.2435390346,16.5013453931,43.332085628,71.5463751435,75.1362380379,128.614575773,145.775848644,79.345237648
76,-6.16801838741,42.154762352,-9.19458293894,-15.5435390346,7.69865460691,-6.63208562799,-6.94637514347,10.5637619621,-25.4145757734,-7.47584864436,71.8337707188,61.5,46.2680183874,79.345237648,24.1945829389,26.2435390346,16.5013453931,43.332085628,71.5463751435,75.1362380379,128.614575773,145.775848644
77,-10.3337707188,-7.47584864436,-6.16801838741,-9.19458293894,-15.5435390346,7.69865460691,-6.63208562799,-6.94637514347,10.5637619621,-25.4145757734,73.6275414435,98.5,71.8337707188,145.775848644,46.2680183874,24.1945829389,26.2435390346,16.5013453931,43.332085628,71.5463751435,75.1362380379,128.614575773
78,24.8724585565,-25.4145757734,-10.3337707188,-6.16801838741,-9.19458293894,-15.5435390346,7.69865460691,-6.63208562799,-6.94637514347,10.5637619621,111.56564473,124.7,73.6275414435,128.614575773,71.8337707188,46.2680183874,24.1945829389,26.2435390346,16.5013453931,43.332085628,71.5463751435,75.1362380379
79,13.1343552702,10.5637619621,24.8724585565,-10.3337707188,-6.16801838741,-9.19458293894,-15.5435390346,7.69865460691,-6.63208562799,-6.94637514347,120.365500409,96.3,111.56564473,75.1362380379,73.6275414435,71.8337707188,46.2680183874,24.1945829389,26.2435390346,16.5013453931,43.332085628,71.5463751435
80,-24.0655004094,-6.94637514347,13.1343552702,24.8724585565,-10.3337707188,-6.16801838741,-9.19458293894,-15.5435390346,7.69865460691,-6.63208562799,63.3410787279,66.6,120.365500409,71.5463751435,111.56564473,73.6275414435,71.8337707188,46.2680183874,24.1945829389,26.2435390346,16.5013453931,43.332085628
81,3.25892127214,-6.63208562799,-24.0655004094,13.1343552702,24.8724585565,-10.3337707188,-6.16801838741,-9.19458293894,-15.5435390346,7.69865460691,44.5221985809,64.5,63.3410787279,43.332085628,120.365500409,111.56564473,73.6275414435,71.8337707188,46.2680183874,24.1945829389,26.2435390346,16.5013453931
82,19.9778014191,7.69865460691,3.25892127214,-24.0655004094,13.1343552702,24.8724585565,-10.3337707188,-6.16801838741,-9.19458293894,-15.5435390346,55.9216108867,54.1,44.5221985809,16.5013453931,63.3410787279,120.365500409,111.56564473,73.6275414435,71.8337707188,46.2680183874,24.1945829389,26.2435390346
83,-1.82161088669,-15.5435390346,19.9778014191,3.25892127214,-24.0655004094,13.1343552702,24.8724585565,-10.3337707188,-6.16801838741,-9.19458293894,42.173300259,39.0,55.9216108867,26.2435390346,44.5221985809,63.3410787279,120.365500409,111.56564473,73.6275414435,71.8337707188,46.2680183874,24.1945829389
84,-3.17330025897,-9.19458293894,-1.82161088669,19.9778014191,3.25892127214,-24.0655004094,13.1343552702,24.8724585565,-10.3337707188,-6.16801838741,37.0324547954,20.6,42.173300259,24.1945829389,55.9216108867,44.5221985809,63.3410787279,120.365500409,111.56564473,73.6275414435,71.8337707188,46.2680183874
85,-16.4324547954,-6.16801838741,-3.17330025897,-1.82161088669,19.9778014191,3.25892127214,-24.0655004094,13.1343552702,24.8724585565,-10.3337707188,26.4370689161,6.7,37.0324547954,46.2680183874,42.173300259,55.9216108867,44.5221985809,63.3410787279,120.365500409,111.56564473,73.6275414435,71.8337707188
86,-19.7370689161,-10.3337707188,-16.4324547954,-3.17330025897,-1.82161088669,19.9778014191,3.25892127214,-24.0655004094,13.1343552702,24.8724585565,24.2373106132,4.3,26.4370689161,71.8337707188,37.0324547954,42.173300259,55.9216108867,44.5221985809,63.3410787279,120.365500409,111.56564473,73.6275414435
87,-19.9373106132,24.8724585565,-19.7370689161,-16.4324547954,-3.17330025897,-1.82161088669,19.9778014191,3.25892127214,-24.0655004094,13.1343552702,26.772368439,22.7,24.2373106132,73.6275414435,26.4370689161,37.0324547954,42.173300259,55.9216108867,44.5221985809,63.3410787279,120.365500409,111.56564473
88,-4.07236843896,13.1343552702,-19.9373106132,-19.7370689161,-16.4324547954,-3.17330025897,-1.82161088669,19.9778014191,3.25892127214,-24.0655004094,44.4626431152,54.8,26.772368439,111.56564473,24.2373106132,26.4370689161,37.0324547954,42.173300259,55.9216108867,44.5221985809,63.3410787279,120.365500409
89,10.3373568848,-24.0655004094,-4.07236843896,-19.9373106132,-19.7370689161,-16.4324547954,-3.17330025897,-1.82161088669,19.9778014191,3.25892127214,71.7715038478,93.8,44.4626431152,120.365500409,26.772368439,24.2373106132,26.4370689161,37.0324547954,42.173300259,55.9216108867,44.5221985809,63.3410787279
90,22.0284961522,3.25892127214,10.3373568848,-4.07236843896,-19.9373106132,-19.7370689161,-16.4324547954,-3.17330025897,-1.82161088669,19.9778014191,106.014703504,95.8,71.7715038478,63.3410787279,44.4626431152,26.772368439,24.2373106132,26.4370689161,37.0324547954,42.173300259,55.9216108867,44.5221985809
91,-10.2147035042,19.9778014191,22.0284961522,10.3373568848,-4.07236843896,-19.9373106132,-19.7370689161,-16.4324547954,-3.17330025897,-1.82161088669,81.9696524177,77.2,106.014703504,44.5221985809,71.7715038478,44.4626431152,26.772368439,24.2373106132,26.4370689161,37.0324547954,42.173300259,55.9216108867
92,-4.76965241772,-1.82161088669,-10.2147035042,22.0284961522,10.3373568848,-4.07236843896,-19.9373106132,-19.7370689161,-16.4324547954,-3.17330025897,58.1350243561,59.1,81.9696524177,55.9216108867,106.014703504,71.7715038478,44.4626431152,26.772368439,24.2373106132,26.4370689161,37.0324547954,42.173300259
93,0.964975643924,-3.17330025897,-4.76965241772,-10.2147035042,22.0284961522,10.3373568848,-4.07236843896,-19.9373106132,-19.7370689161,-16.4324547954,41.9934160233,44.0,58.1350243561,42.173300259,81.9696524177,106.014703504,71.7715038478,44.4626431152,26.772368439,24.2373106132,26.4370689161,37.0324547954
94,2.00658397668,-16.4324547954,0.964975643924,-4.76965241772,-10.2147035042,22.0284961522,10.3373568848,-4.07236843896,-19.9373106132,-19.7370689161,29.857137376,47.0,41.9934160233,37.0324547954,58.1350243561,81.9696524177,106.014703504,71.7715038478,44.4626431152,26.772368439,24.2373106132,26.4370689161
95,17.142862624,-19.7370689161,2.00658397668,0.964975643924,-4.76965241772,-10.2147035042,22.0284961522,10.3373568848,-4.07236843896,-19.9373106132,44.4169380873,30.5,29.857137376,26.4370689161,41.9934160233,58.1350243561,81.9696524177,106.014703504,71.7715038478,44.4626431152,26.772368439,24.2373106132
96,-13.9169380873,-19.9373106132,17.142862624,2.00658397668,0.964975643924,-4.76965241772,-10.2147035042,22.0284961522,10.3373568848,-4.07236843896,22.0528706275,16.3,44.4169380873,24.2373106132,29.857137376,41.9934160233,58.1350243561,81.9696524177,106.014703504,71.7715038478,44.4626431152,26.772368439
97,-5.75287062752,-4.07236843896,-13.9169380873,17.142862624,2.00658397668,0.964975643924,-4.76965241772,-10.2147035042,22.0284961522,10.3373568848,23.1132764748,7.3,22.0528706275,26.772368439,44.4169380873,29.857137376,41.9934160233,58.1350243561,81.9696524177,106.014703504,71.7715038478,44.4626431152
98,-15.8132764748,10.3373568848,-5.75287062752,-13.9169380873,17.142862624,2.00658397668,0.964975643924,-4.76965241772,-10.2147035042,22.0284961522,21.5290374427,37.6,23.1132764748,44.4626431152,22.0528706275,44.4169380873,29.857137376,41.9934160233,58.1350243561,81.9696524177,106.014703504,71.7715038478
99,16.0709625573,22.0284961522,-15.8132764748,-5.75287062752,-13.9169380873,17.142862624,2.00658397668,0.964975643924,-4.76965241772,-10.2147035042,67.713183362,74.0,21.5290374427,71.7715038478,23.1132764748,22.0528706275,44.4169380873,29.857137376,41.9934160233,58.1350243561,81.9696524177,106.014703504
100,6.28681663797,-10.2147035042,16.0709625573,-15.8132764748,-5.75287062752,-13.9169380873,17.142862624,2.00658397668,0.964975643924,-4.76965241772,88.9303638204,139.0,67.713183362,106.014703504,21.5290374427,23.1132764748,22.0528706275,44.4169380873,29.857137376,41.9934160233,58.1350243561,81.9696524177
101,50.0696361796,-4.76965241772,6.28681663797,16.0709625573,-15.8132764748,-5.75287062752,-13.9169380873,17.142862624,2.00658397668,0.964975643924,155.807500457,111.2,88.9303638204,81.9696524177,67.713183362,21.5290374427,23.1132764748,22.0528706275,44.4169380873,29.857137376,41.9934160233,58.1350243561
102,-44.6075004572,0.964975643924,50.0696361796,6.28681663797,16.0709625573,-15.8132764748,-5.75287062752,-13.9169380873,17.142862624,2.00658397668,73.9051557073,101.6,155.807500457,58.1350243561,88.9303638204,67.713183362,21.5290374427,23.1132764748,22.0528706275,44.4169380873,29.857137376,41.9934160233
103,27.6948442927,2.00658397668,-44.6075004572,50.0696361796,6.28681663797,16.0709625573,-15.8132764748,-5.75287062752,-13.9169380873,17.142862624,83.4922139668,66.2,73.9051557073,41.9934160233,155.807500457,88.9303638204,67.713183362,21.5290374427,23.1132764748,22.0528706275,44.4169380873,29.857137376
104,-17.2922139668,17.142862624,27.6948442927,-44.6075004572,50.0696361796,6.28681663797,16.0709625573,-15.8132764748,-5.75287062752,-13.9169380873,45.4340240952,44.7,83.4922139668,29.857137376,73.9051557073,155.807500457,88.9303638204,67.713183362,21.5290374427,23.1132764748,22.0528706275,44.4169380873
105,-0.734024095206,-13.9169380873,-17.2922139668,27.6948442927,-44.6075004572,50.0696361796,6.28681663797,16.0709625573,-15.8132764748,-5.75287062752,26.0402122677,17.0,45.4340240952,44.4169380873,83.4922139668,73.9051557073,155.807500457,88.9303638204,67.713183362,21.5290374427,23.1132764748,22.0528706275
106,-9.0402122677,-5.75287062752,-0.734024095206,-17.2922139668,27.6948442927,-44.6075004572,50.0696361796,6.28681663797,16.0709625573,-15.8132764748,11.2311947354,11.3,26.0402122677,22.0528706275,45.4340240952,83.4922139668,73.9051557073,155.807500457,88.9303638204,67.713183362,21.5290374427,23.1132764748
107,0.0688052645747,-15.8132764748,-9.0402122677,-0.734024095206,-17.2922139668,27.6948442927,-44.6075004572,50.0696361796,6.28681663797,16.0709625573,14.7635366187,12.4,11.2311947354,23.1132764748,26.0402122677,45.4340240952,83.4922139668,73.9051557073,155.807500457,88.9303638204,67.713183362,21.5290374427
108,-2.36353661867,16.0709625573,0.0688052645747,-9.0402122677,-0.734024095206,-17.2922139668,27.6948442927,-44.6075004572,50.0696361796,6.28681663797,37.6642811635,3.4,14.7635366187,21.5290374427,11.2311947354,26.0402122677,45.4340240952,83.4922139668,73.9051557073,155.807500457,88.9303638204,67.713183362
109,-34.2642811635,6.28681663797,-2.36353661867,0.0688052645747,-9.0402122677,-0.734024095206,-17.2922139668,27.6948442927,-44.6075004572,50.0696361796,25.4344816096,6.0,37.6642811635,67.713183362,14.7635366187,11.2311947354,26.0402122677,45.4340240952,83.4922139668,73.9051557073,155.807500457,88.9303638204
110,-19.4344816096,50.0696361796,-34.2642811635,-2.36353661867,0.0688052645747,-9.0402122677,-0.734024095206,-17.2922139668,27.6948442927,-44.6075004572,32.4907470111,32.3,25.4344816096,88.9303638204,37.6642811635,14.7635366187,11.2311947354,26.0402122677,45.4340240952,83.4922139668,73.9051557073,155.807500457
111,-0.190747011075,-44.6075004572,-19.4344816096,-34.2642811635,-2.36353661867,0.0688052645747,-9.0402122677,-0.734024095206,-17.2922139668,27.6948442927,59.1536309897,54.3,32.4907470111,155.807500457,25.4344816096,37.6642811635,14.7635366187,11.2311947354,26.0402122677,45.4340240952,83.4922139668,73.9051557073
112,-4.85363098965,27.6948442927,-0.190747011075,-19.4344816096,-34.2642811635,-2.36353661867,0.0688052645747,-9.0402122677,-0.734024095206,-17.2922139668,66.1587935033,59.7,59.1536309897,73.9051557073,32.4907470111,25.4344816096,37.6642811635,14.7635366187,11.2311947354,26.0402122677,45.4340240952,83.4922139668
113,-6.4587935033,-17.2922139668,-4.85363098965,-0.190747011075,-19.4344816096,-34.2642811635,-2.36353661867,0.0688052645747,-9.0402122677,-0.734024095206,55.5127966887,63.7,66.1587935033,83.4922139668,59.1536309897,32.4907470111,25.4344816096,37.6642811635,14.7635366187,11.2311947354,26.0402122677,45.4340240952
114,8.18720331129,-0.734024095206,-6.4587935033,-4.85363098965,-0.190747011075,-19.4344816096,-34.2642811635,-2.36353661867,0.0688052645747,-9.0402122677,55.7146528931,63.5,55.5127966887,45.4340240952,66.1587935033,59.1536309897,32.4907470111,25.4344816096,37.6642811635,14.7635366187,11.2311947354,26.0402122677
115,7.78534710687,-9.0402122677,8.18720331129,-6.4587935033,-4.85363098965,-0.190747011075,-19.4344816096,-34.2642811635,-2.36353661867,0.0688052645747,52.0672005696,52.2,55.7146528931,26.0402122677,55.5127966887,66.1587935033,59.1536309897,32.4907470111,25.4344816096,37.6642811635,14.7635366187,11.2311947354
116,0.132799430372,0.0688052645747,7.78534710687,8.18720331129,-6.4587935033,-4.85363098965,-0.190747011075,-19.4344816096,-34.2642811635,-2.36353661867,36.8469678336,25.4,52.0672005696,11.2311947354,55.7146528931,55.5127966887,66.1587935033,59.1536309897,32.4907470111,25.4344816096,37.6642811635,14.7635366187
117,-11.4469678336,-2.36353661867,0.132799430372,7.78534710687,8.18720331129,-6.4587935033,-4.85363098965,-0.190747011075,-19.4344816096,-34.2642811635,8.51578757895,13.1,36.8469678336,14.7635366187,52.0672005696,55.7146528931,55.5127966887,66.1587935033,59.1536309897,32.4907470111,25.4344816096,37.6642811635
118,4.58421242105,-34.2642811635,-11.4469678336,0.132799430372,7.78534710687,8.18720331129,-6.4587935033,-4.85363098965,-0.190747011075,-19.4344816096,9.58180314965,6.8,8.51578757895,37.6642811635,36.8469678336,52.0672005696,55.7146528931,55.5127966887,66.1587935033,59.1536309897,32.4907470111,25.4344816096
119,-2.78180314965,-19.4344816096,4.58421242105,-11.4469678336,0.132799430372,7.78534710687,8.18720331129,-6.4587935033,-4.85363098965,-0.190747011075,11.8195297327,6.3,9.58180314965,25.4344816096,8.51578757895,36.8469678336,52.0672005696,55.7146528931,55.5127966887,66.1587935033,59.1536309897,32.4907470111
120,-5.5195297327,-0.190747011075,-2.78180314965,4.58421242105,-11.4469678336,0.132799430372,7.78534710687,8.18720331129,-6.4587935033,-4.85363098965,16.2160937008,7.1,11.8195297327,32.4907470111,9.58180314965,8.51578757895,36.8469678336,52.0672005696,55.7146528931,55.5127966887,66.1587935033,59.1536309897
121,-9.11609370078,-4.85363098965,-5.5195297327,-2.78180314965,4.58421242105,-11.4469678336,0.132799430372,7.78534710687,8.18720331129,-6.4587935033,20.0968470163,35.6,16.2160937008,59.1536309897,11.8195297327,9.58180314965,8.51578757895,36.8469678336,52.0672005696,55.7146528931,55.5127966887,66.1587935033
122,15.5031529837,-6.4587935033,-9.11609370078,-5.5195297327,-2.78180314965,4.58421242105,-11.4469678336,0.132799430372,7.78534710687,8.18720331129,56.1685704279,73.0,20.0968470163,66.1587935033,16.2160937008,11.8195297327,9.58180314965,8.51578757895,36.8469678336,52.0672005696,55.7146528931,55.5127966887
123,16.8314295721,8.18720331129,15.5031529837,-9.11609370078,-5.5195297327,-2.78180314965,4.58421242105,-11.4469678336,0.132799430372,7.78534710687,88.1862760519,85.1,56.1685704279,55.5127966887,20.0968470163,16.2160937008,11.8195297327,9.58180314965,8.51578757895,36.8469678336,52.0672005696,55.7146528931
124,-3.08627605194,7.78534710687,16.8314295721,15.5031529837,-9.11609370078,-5.5195297327,-2.78180314965,4.58421242105,-11.4469678336,0.132799430372,78.3816852983,78.0,88.1862760519,55.7146528931,56.1685704279,20.0968470163,16.2160937008,11.8195297327,9.58180314965,8.51578757895,36.8469678336,52.0672005696
125,-0.381685298341,0.132799430372,-3.08627605194,16.8314295721,15.5031529837,-9.11609370078,-5.5195297327,-2.78180314965,4.58421242105,-11.4469678336,62.0063142446,64.0,78.3816852983,52.0672005696,88.1862760519,56.1685704279,20.0968470163,16.2160937008,11.8195297327,9.58180314965,8.51578757895,36.8469678336
126,1.99368575543,-11.4469678336,-0.381685298341,-3.08627605194,16.8314295721,15.5031529837,-9.11609370078,-5.5195297327,-2.78180314965,4.58421242105,46.2698443398,41.8,62.0063142446,36.8469678336,78.3816852983,88.1862760519,56.1685704279,20.0968470163,16.2160937008,11.8195297327,9.58180314965,8.51578757895
127,-4.46984433982,4.58421242105,1.99368575543,-0.381685298341,-3.08627605194,16.8314295721,15.5031529837,-9.11609370078,-5.5195297327,-2.78180314965,23.4823993148,26.2,46.2698443398,8.51578757895,62.0063142446,78.3816852983,88.1862760519,56.1685704279,20.0968470163,16.2160937008,11.8195297327,9.58180314965
128,2.71760068517,-2.78180314965,-4.46984433982,1.99368575543,-0.381685298341,-3.08627605194,16.8314295721,15.5031529837,-9.11609370078,-5.5195297327,15.972662631,26.7,23.4823993148,9.58180314965,46.2698443398,62.0063142446,78.3816852983,88.1862760519,56.1685704279,20.0968470163,16.2160937008,11.8195297327
129,10.727337369,-5.5195297327,2.71760068517,-4.46984433982,1.99368575543,-0.381685298341,-3.08627605194,16.8314295721,15.5031529837,-9.11609370078,27.4883784333,12.1,15.972662631,11.8195297327,23.4823993148,46.2698443398,62.0063142446,78.3816852983,88.1862760519,56.1685704279,20.0968470163,16.2160937008
130,-15.3883784333,-9.11609370078,10.727337369,2.71760068517,-4.46984433982,1.99368575543,-0.381685298341,-3.08627605194,16.8314295721,15.5031529837,11.4162586717,9.5,27.4883784333,16.2160937008,15.972662631,23.4823993148,46.2698443398,62.0063142446,78.3816852983,88.1862760519,56.1685704279,20.0968470163
131,-1.91625867174,15.5031529837,-15.3883784333,10.727337369,2.71760068517,-4.46984433982,1.99368575543,-0.381685298341,-3.08627605194,16.8314295721,22.4825600499,2.7,11.4162586717,20.0968470163,27.4883784333,15.972662631,23.4823993148,46.2698443398,62.0063142446,78.3816852983,88.1862760519,56.1685704279
132,-19.7825600499,16.8314295721,-1.91625867174,-15.3883784333,10.727337369,2.71760068517,-4.46984433982,1.99368575543,-0.381685298341,-3.08627605194,17.7955461257,5.0,22.4825600499,56.1685704279,11.4162586717,27.4883784333,15.972662631,23.4823993148,46.2698443398,62.0063142446,78.3816852983,88.1862760519
133,-12.7955461257,-3.08627605194,-19.7825600499,-1.91625867174,-15.3883784333,10.727337369,2.71760068517,-4.46984433982,1.99368575543,-0.381685298341,20.8242072471,24.4,17.7955461257,88.1862760519,22.4825600499,11.4162586717,27.4883784333,15.972662631,23.4823993148,46.2698443398,62.0063142446,78.3816852983
134,3.57579275288,-0.381685298341,-12.7955461257,-19.7825600499,-1.91625867174,-15.3883784333,10.727337369,2.71760068517,-4.46984433982,1.99368575543,43.6021532777,42.0,20.8242072471,78.3816852983,17.7955461257,22.4825600499,11.4162586717,27.4883784333,15.972662631,23.4823993148,46.2698443398,62.0063142446
135,-1.60215327773,1.99368575543,3.57579275288,-12.7955461257,-19.7825600499,-1.91625867174,-15.3883784333,10.727337369,2.71760068517,-4.46984433982,49.1611966443,63.5,43.6021532777,62.0063142446,20.8242072471,17.7955461257,22.4825600499,11.4162586717,27.4883784333,15.972662631,23.4823993148,46.2698443398
136,14.3388033557,-4.46984433982,-1.60215327773,3.57579275288,-12.7955461257,-19.7825600499,-1.91625867174,-15.3883784333,10.727337369,2.71760068517,65.9844053,53.8,49.1611966443,46.2698443398,43.6021532777,20.8242072471,17.7955461257,22.4825600499,11.4162586717,27.4883784333,15.972662631,23.4823993148
137,-12.1844053,2.71760068517,14.3388033557,-1.60215327773,3.57579275288,-12.7955461257,-19.7825600499,-1.91625867174,-15.3883784333,10.727337369,40.0496603112,62.0,65.9844053,23.4823993148,49.1611966443,43.6021532777,20.8242072471,17.7955461257,22.4825600499,11.4162586717,27.4883784333,15.972662631
138,21.9503396888,10.727337369,-12.1844053,14.3388033557,-1.60215327773,3.57579275288,-12.7955461257,-19.7825600499,-1.91625867174,-15.3883784333,55.1467109144,48.5,40.0496603112,15.972662631,65.9844053,49.1611966443,43.6021532777,20.8242072471,17.7955461257,22.4825600499,11.4162586717,27.4883784333
139,-6.64671091438,-15.3883784333,21.9503396888,-12.1844053,14.3388033557,-1.60215327773,3.57579275288,-12.7955461257,-19.7825600499,-1.91625867174,34.0397563338,43.9,55.1467109144,27.4883784333,40.0496603112,65.9844053,49.1611966443,43.6021532777,20.8242072471,17.7955461257,22.4825600499,11.4162586717
140,9.86024366624,-1.91625867174,-6.64671091438,21.9503396888,-12.1844053,14.3388033557,-1.60215327773,3.57579275288,-12.7955461257,-19.7825600499,31.7295991115,18.6,34.0397563338,11.4162586717,55.1467109144,40.0496603112,65.9844053,49.1611966443,43.6021532777,20.8242072471,17.7955461257,22.4825600499
141,-13.1295991115,-19.7825600499,9.86024366624,-6.64671091438,21.9503396888,-12.1844053,14.3388033557,-1.60215327773,3.57579275288,-12.7955461257,7.21059526252,5.7,31.7295991115,22.4825600499,34.0397563338,55.1467109144,40.0496603112,65.9844053,49.1611966443,43.6021532777,20.8242072471,17.7955461257
142,-1.51059526252,-12.7955461257,-13.1295991115,9.86024366624,-6.64671091438,21.9503396888,-12.1844053,14.3388033557,-1.60215327773,3.57579275288,3.23252964164,3.6,7.21059526252,17.7955461257,31.7295991115,34.0397563338,55.1467109144,40.0496603112,65.9844053,49.1611966443,43.6021532777,20.8242072471
143,0.367470358362,3.57579275288,-1.51059526252,-13.1295991115,9.86024366624,-6.64671091438,21.9503396888,-12.1844053,14.3388033557,-1.60215327773,14.9346237969,1.4,3.23252964164,20.8242072471,7.21059526252,31.7295991115,34.0397563338,55.1467109144,40.0496603112,65.9844053,49.1611966443,43.6021532777
144,-13.5346237969,-1.60215327773,0.367470358362,-1.51059526252,-13.1295991115,9.86024366624,-6.64671091438,21.9503396888,-12.1844053,14.3388033557,11.7788970918,9.6,14.9346237969,43.6021532777,3.23252964164,7.21059526252,31.7295991115,34.0397563338,55.1467109144,40.0496603112,65.9844053,49.1611966443
145,-2.17889709181,14.3388033557,-13.5346237969,0.367470358362,-1.51059526252,-13.1295991115,9.86024366624,-6.64671091438,21.9503396888,-12.1844053,25.0942098829,47.4,11.7788970918,49.1611966443,14.9346237969,3.23252964164,7.21059526252,31.7295991115,34.0397563338,55.1467109144,40.0496603112,65.9844053
146,22.3057901171,-12.1844053,-2.17889709181,-13.5346237969,0.367470358362,-1.51059526252,-13.1295991115,9.86024366624,-6.64671091438,21.9503396888,68.5873792731,57.1,25.0942098829,65.9844053,11.7788970918,14.9346237969,3.23252964164,7.21059526252,31.7295991115,34.0397563338,55.1467109144,40.0496603112
147,-11.4873792731,21.9503396888,22.3057901171,-2.17889709181,-13.5346237969,0.367470358362,-1.51059526252,-13.1295991115,9.86024366624,-6.64671091438,58.2288860213,103.9,68.5873792731,40.0496603112,25.0942098829,11.7788970918,14.9346237969,3.23252964164,7.21059526252,31.7295991115,34.0397563338,55.1467109144
148,45.6711139787,-6.64671091438,-11.4873792731,22.3057901171,-2.17889709181,-13.5346237969,0.367470358362,-1.51059526252,-13.1295991115,9.86024366624,109.346100581,80.6,58.2288860213,55.1467109144,68.5873792731,25.0942098829,11.7788970918,14.9346237969,3.23252964164,7.21059526252,31.7295991115,34.0397563338
149,-28.7461005814,9.86024366624,45.6711139787,-11.4873792731,22.3057901171,-2.17889709181,-13.5346237969,0.367470358362,-1.51059526252,-13.1295991115,57.8622713422,63.6,109.346100581,34.0397563338,58.2288860213,68.5873792731,25.0942098829,11.7788970918,14.9346237969,3.23252964164,7.21059526252,31.7295991115
150,5.73772865785,-13.1295991115,-28.7461005814,45.6711139787,-11.4873792731,22.3057901171,-2.17889709181,-13.5346237969,0.367470358362,-1.51059526252,36.9900657857,37.6,57.8622713422,31.7295991115,109.346100581,58.2288860213,68.5873792731,25.0942098829,11.7788970918,14.9346237969,3.23252964164,7.21059526252
151,0.60993421432,-1.51059526252,5.73772865785,-28.7461005814,45.6711139787,-11.4873792731,22.3057901171,-2.17889709181,-13.5346237969,0.367470358362,23.2925144383,26.1,36.9900657857,7.21059526252,57.8622713422,109.346100581,58.2288860213,68.5873792731,25.0942098829,11.7788970918,14.9346237969,3.23252964164
152,2.80748556173,0.367470358362,0.60993421432,5.73772865785,-28.7461005814,45.6711139787,-11.4873792731,22.3057901171,-2.17889709181,-13.5346237969,13.3225476979,14.2,23.2925144383,3.23252964164,36.9900657857,57.8622713422,109.346100581,58.2288860213,68.5873792731,25.0942098829,11.7788970918,14.9346237969
153,0.877452302081,-13.5346237969,2.80748556173,0.60993421432,5.73772865785,-28.7461005814,45.6711139787,-11.4873792731,22.3057901171,-2.17889709181,14.1934666441,5.8,13.3225476979,14.9346237969,23.2925144383,36.9900657857,57.8622713422,109.346100581,58.2288860213,68.5873792731,25.0942098829,11.7788970918
154,-8.39346664411,-2.17889709181,0.877452302081,2.80748556173,0.60993421432,5.73772865785,-28.7461005814,45.6711139787,-11.4873792731,22.3057901171,8.58784523438,16.7,14.1934666441,11.7788970918,13.3225476979,23.2925144383,36.9900657857,57.8622713422,109.346100581,58.2288860213,68.5873792731,25.0942098829
155,8.11215476562,22.3057901171,-8.39346664411,0.877452302081,2.80748556173,0.60993421432,5.73772865785,-28.7461005814,45.6711139787,-11.4873792731,36.2405308095,44.3,8.58784523438,25.0942098829,14.1934666441,13.3225476979,23.2925144383,36.9900657857,57.8622713422,109.346100581,58.2288860213,68.5873792731
156,8.0594691905,-11.4873792731,8.11215476562,-8.39346664411,0.877452302081,2.80748556173,0.60993421432,5.73772865785,-28.7461005814,45.6711139787,65.590455297,63.9,36.2405308095,68.5873792731,8.58784523438,14.1934666441,13.3225476979,23.2925144383,36.9900657857,57.8622713422,109.346100581,58.2288860213
157,-1.69045529704,45.6711139787,8.0594691905,8.11215476562,-8.39346664411,0.877452302081,2.80748556173,0.60993421432,5.73772865785,-28.7461005814,76.9419469203,69.0,65.590455297,58.2288860213,36.2405308095,8.58784523438,14.1934666441,13.3225476979,23.2925144383,36.9900657857,57.8622713422,109.346100581
158,-7.94194692026,-28.7461005814,-1.69045529704,8.0594691905,8.11215476562,-8.39346664411,0.877452302081,2.80748556173,0.60993421432,5.73772865785,67.7104641656,77.8,76.9419469203,109.346100581,65.590455297,36.2405308095,8.58784523438,14.1934666441,13.3225476979,23.2925144383,36.9900657857,57.8622713422
159,10.0895358344,5.73772865785,-7.94194692026,-1.69045529704,8.0594691905,8.11215476562,-8.39346664411,0.877452302081,2.80748556173,0.60993421432,73.5861476204,64.9,67.7104641656,57.8622713422,76.9419469203,65.590455297,36.2405308095,8.58784523438,14.1934666441,13.3225476979,23.2925144383,36.9900657857
160,-8.68614762044,0.60993421432,10.0895358344,-7.94194692026,-1.69045529704,8.0594691905,8.11215476562,-8.39346664411,0.877452302081,2.80748556173,49.7463898555,35.7,73.5861476204,36.9900657857,67.7104641656,76.9419469203,65.590455297,36.2405308095,8.58784523438,14.1934666441,13.3225476979,23.2925144383
161,-14.0463898555,2.80748556173,-8.68614762044,10.0895358344,-7.94194692026,-1.69045529704,8.0594691905,8.11215476562,-8.39346664411,0.877452302081,15.8966075638,21.2,49.7463898555,23.2925144383,73.5861476204,67.7104641656,76.9419469203,65.590455297,36.2405308095,8.58784523438,14.1934666441,13.3225476979
162,5.30339243616,0.877452302081,-14.0463898555,-8.68614762044,10.0895358344,-7.94194692026,-1.69045529704,8.0594691905,8.11215476562,-8.39346664411,14.3407203258,11.1,15.8966075638,13.3225476979,49.7463898555,73.5861476204,67.7104641656,76.9419469203,65.590455297,36.2405308095,8.58784523438,14.1934666441
163,-3.24072032581,-8.39346664411,5.30339243616,-14.0463898555,-8.68614762044,10.0895358344,-7.94194692026,-1.69045529704,8.0594691905,8.11215476562,11.084481649,5.7,14.3407203258,14.1934666441,15.8966075638,49.7463898555,73.5861476204,67.7104641656,76.9419469203,65.590455297,36.2405308095,8.58784523438
164,-5.38448164901,8.11215476562,-3.24072032581,5.30339243616,-14.0463898555,-8.68614762044,10.0895358344,-7.94194692026,-1.69045529704,8.0594691905,11.8533866751,8.7,11.084481649,8.58784523438,14.3407203258,15.8966075638,49.7463898555,73.5861476204,67.7104641656,76.9419469203,65.590455297,36.2405308095
165,-3.15338667513,8.0594691905,-5.38448164901,-3.24072032581,5.30339243616,-14.0463898555,-8.68614762044,10.0895358344,-7.94194692026,-1.69045529704,23.2490435439,36.1,11.8533866751,36.2405308095,11.084481649,14.3407203258,15.8966075638,49.7463898555,73.5861476204,67.7104641656,76.9419469203,65.590455297
166,12.8509564561,-1.69045529704,-3.15338667513,-5.38448164901,-3.24072032581,5.30339243616,-14.0463898555,-8.68614762044,10.0895358344,-7.94194692026,57.6463618104,79.7,23.2490435439,65.590455297,11.8533866751,11.084481649,14.3407203258,15.8966075638,49.7463898555,73.5861476204,67.7104641656,76.9419469203
167,22.0536381896,-7.94194692026,12.8509564561,-3.15338667513,-5.38448164901,-3.24072032581,5.30339243616,-14.0463898555,-8.68614762044,10.0895358344,98.1650917839,114.4,57.6463618104,76.9419469203,23.2490435439,11.8533866751,11.084481649,14.3407203258,15.8966075638,49.7463898555,73.5861476204,67.7104641656
168,16.2349082161,10.0895358344,22.0536381896,12.8509564561,-3.15338667513,-5.38448164901,-3.24072032581,5.30339243616,-14.0463898555,-8.68614762044,116.161764557,109.6,98.1650917839,67.7104641656,57.6463618104,23.2490435439,11.8533866751,11.084481649,14.3407203258,15.8966075638,49.7463898555,73.5861476204
169,-6.56176455689,-8.68614762044,16.2349082161,22.0536381896,12.8509564561,-3.15338667513,-5.38448164901,-3.24072032581,5.30339243616,-14.0463898555,88.957774329,88.8,116.161764557,73.5861476204,98.1650917839,57.6463618104,23.2490435439,11.8533866751,11.084481649,14.3407203258,15.8966075638,49.7463898555
170,-0.157774328979,-14.0463898555,-6.56176455689,16.2349082161,22.0536381896,12.8509564561,-3.15338667513,-5.38448164901,-3.24072032581,5.30339243616,61.7638254009,67.8,88.957774329,49.7463898555,116.161764557,98.1650917839,57.6463618104,23.2490435439,11.8533866751,11.084481649,14.3407203258,15.8966075638
171,6.03617459908,5.30339243616,-0.157774328979,-6.56176455689,16.2349082161,22.0536381896,12.8509564561,-3.15338667513,-5.38448164901,-3.24072032581,46.0462534498,47.5,61.7638254009,15.8966075638,88.957774329,116.161764557,98.1650917839,57.6463618104,23.2490435439,11.8533866751,11.084481649,14.3407203258
172,1.45374655022,-3.24072032581,6.03617459908,-0.157774328979,-6.56176455689,16.2349082161,22.0536381896,12.8509564561,-3.15338667513,-5.38448164901,29.0992847372,30.6,46.0462534498,14.3407203258,61.7638254009,88.957774329,116.161764557,98.1650917839,57.6463618104,23.2490435439,11.8533866751,11.084481649
173,1.50071526277,-5.38448164901,1.45374655022,6.03617459908,-0.157774328979,-6.56176455689,16.2349082161,22.0536381896,12.8509564561,-3.15338667513,20.8782044428,16.3,29.0992847372,11.084481649,46.0462534498,61.7638254009,88.957774329,116.161764557,98.1650917839,57.6463618104,23.2490435439,11.8533866751
174,-4.5782044428,-3.15338667513,1.50071526277,1.45374655022,6.03617459908,-0.157774328979,-6.56176455689,16.2349082161,22.0536381896,12.8509564561,17.6135621188,9.6,20.8782044428,11.8533866751,29.0992847372,46.0462534498,61.7638254009,88.957774329,116.161764557,98.1650917839,57.6463618104,23.2490435439
175,-8.01356211881,12.8509564561,-4.5782044428,1.50071526277,1.45374655022,6.03617459908,-0.157774328979,-6.56176455689,16.2349082161,22.0536381896,23.8036031745,33.2,17.6135621188,23.2490435439,20.8782044428,29.0992847372,46.0462534498,61.7638254009,88.957774329,116.161764557,98.1650917839,57.6463618104
176,9.39639682548,22.0536381896,-8.01356211881,-4.5782044428,1.50071526277,1.45374655022,6.03617459908,-0.157774328979,-6.56176455689,16.2349082161,61.8204429338,92.6,23.8036031745,57.6463618104,17.6135621188,20.8782044428,29.0992847372,46.0462534498,61.7638254009,88.957774329,116.161764557,98.1650917839
177,30.7795570662,16.2349082161,9.39639682548,-8.01356211881,-4.5782044428,1.50071526277,1.45374655022,6.03617459908,-0.157774328979,-6.56176455689,124.971781184,151.6,61.8204429338,98.1650917839,23.8036031745,17.6135621188,20.8782044428,29.0992847372,46.0462534498,61.7638254009,88.957774329,116.161764557
178,26.6282188164,-6.56176455689,30.7795570662,9.39639682548,-8.01356211881,-4.5782044428,1.50071526277,1.45374655022,6.03617459908,-0.157774328979,164.189736216,136.3,124.971781184,116.161764557,61.8204429338,23.8036031745,17.6135621188,20.8782044428,29.0992847372,46.0462534498,61.7638254009,88.957774329
179,-27.8897362156,-0.157774328979,26.6282188164,30.7795570662,9.39639682548,-8.01356211881,-4.5782044428,1.50071526277,1.45374655022,6.03617459908,107.936326896,134.7,164.189736216,88.957774329,124.971781184,61.8204429338,23.8036031745,17.6135621188,20.8782044428,29.0992847372,46.0462534498,61.7638254009
180,26.7636731043,6.03617459908,-27.8897362156,26.6282188164,30.7795570662,9.39639682548,-8.01356211881,-4.5782044428,1.50071526277,1.45374655022,111.381859424,83.9,107.936326896,61.7638254009,164.189736216,124.971781184,61.8204429338,23.8036031745,17.6135621188,20.8782044428,29.0992847372,46.0462534498
181,-27.4818594238,1.45374655022,26.7636731043,-27.8897362156,26.6282188164,30.7795570662,9.39639682548,-8.01356211881,-4.5782044428,1.50071526277,51.1671745329,69.4,111.381859424,46.0462534498,107.936326896,164.189736216,124.971781184,61.8204429338,23.8036031745,17.6135621188,20.8782044428,29.0992847372
182,18.2328254671,1.50071526277,-27.4818594238,26.7636731043,-27.8897362156,26.6282188164,30.7795570662,9.39639682548,-8.01356211881,-4.5782044428,45.5345425757,31.5,51.1671745329,29.0992847372,111.381859424,107.936326896,164.189736216,124.971781184,61.8204429338,23.8036031745,17.6135621188,20.8782044428
183,-14.0345425757,-4.5782044428,18.2328254671,-27.4818594238,26.7636731043,-27.8897362156,26.6282188164,30.7795570662,9.39639682548,-8.01356211881,18.4512536517,13.9,45.5345425757,20.8782044428,51.1671745329,111.381859424,107.936326896,164.189736216,124.971781184,61.8204429338,23.8036031745,17.6135621188
184,-4.55125365166,-8.01356211881,-14.0345425757,18.2328254671,-27.4818594238,26.7636731043,-27.8897362156,26.6282188164,30.7795570662,9.39639682548,10.0038397625,4.4,18.4512536517,17.6135621188,45.5345425757,51.1671745329,111.381859424,107.936326896,164.189736216,124.971781184,61.8204429338,23.8036031745
185,-5.60383976247,9.39639682548,-4.55125365166,-14.0345425757,18.2328254671,-27.4818594238,26.7636731043,-27.8897362156,26.6282188164,30.7795570662,28.4461696787,38.0,10.0038397625,23.8036031745,18.4512536517,45.5345425757,51.1671745329,111.381859424,107.936326896,164.189736216,124.971781184,61.8204429338
186,9.55383032127,30.7795570662,-5.60383976247,-4.55125365166,-14.0345425757,18.2328254671,-27.4818594238,26.7636731043,-27.8897362156,26.6282188164,74.862145393,141.7,28.4461696787,61.8204429338,10.0038397625,18.4512536517,45.5345425757,51.1671745329,111.381859424,107.936326896,164.189736216,124.971781184
187,66.837854607,26.6282188164,9.55383032127,-5.60383976247,-4.55125365166,-14.0345425757,18.2328254671,-27.4818594238,26.7636731043,-27.8897362156,191.228159534,190.2,74.862145393,124.971781184,28.4461696787,10.0038397625,18.4512536517,45.5345425757,51.1671745329,111.381859424,107.936326896,164.189736216
188,-1.02815953395,-27.8897362156,66.837854607,9.55383032127,-5.60383976247,-4.55125365166,-14.0345425757,18.2328254671,-27.4818594238,26.7636731043,197.387800852,184.8,191.228159534,164.189736216,74.862145393,28.4461696787,10.0038397625,18.4512536517,45.5345425757,51.1671745329,111.381859424,107.936326896
189,-12.5878008518,26.7636731043,-1.02815953395,66.837854607,9.55383032127,-5.60383976247,-4.55125365166,-14.0345425757,18.2328254671,-27.4818594238,149.201798636,159.0,197.387800852,107.936326896,191.228159534,74.862145393,28.4461696787,10.0038397625,18.4512536517,45.5345425757,51.1671745329,111.381859424
190,9.79820136407,-27.4818594238,-12.5878008518,-1.02815953395,66.837854607,9.55383032127,-5.60383976247,-4.55125365166,-14.0345425757,18.2328254671,125.585135505,112.3,149.201798636,111.381859424,197.387800852,191.228159534,74.862145393,28.4461696787,10.0038397625,18.4512536517,45.5345425757,51.1671745329
191,-13.285135505,18.2328254671,9.79820136407,-12.5878008518,-1.02815953395,66.837854607,9.55383032127,-5.60383976247,-4.55125365166,-14.0345425757,71.6039121293,53.9,125.585135505,51.1671745329,149.201798636,197.387800852,191.228159534,74.862145393,28.4461696787,10.0038397625,18.4512536517,45.5345425757
192,-17.7039121293,-14.0345425757,-13.285135505,9.79820136407,-12.5878008518,-1.02815953395,66.837854607,9.55383032127,-5.60383976247,-4.55125365166,15.331845356,37.5,71.6039121293,45.5345425757,125.585135505,149.201798636,197.387800852,191.228159534,74.862145393,28.4461696787,10.0038397625,18.4512536517
193,22.168154644,-4.55125365166,-17.7039121293,-13.285135505,9.79820136407,-12.5878008518,-1.02815953395,66.837854607,9.55383032127,-5.60383976247,27.7696334255,27.9,15.331845356,18.4512536517,71.6039121293,125.585135505,149.201798636,197.387800852,191.228159534,74.862145393,28.4461696787,10.0038397625
194,0.130366574474,-5.60383976247,22.168154644,-17.7039121293,-13.285135505,9.79820136407,-12.5878008518,-1.02815953395,66.837854607,9.55383032127,35.6288564659,10.2,27.7696334255,10.0038397625,15.331845356,71.6039121293,125.585135505,149.201798636,197.387800852,191.228159534,74.862145393,28.4461696787
195,-25.4288564659,9.55383032127,0.130366574474,22.168154644,-17.7039121293,-13.285135505,9.79820136407,-12.5878008518,-1.02815953395,66.837854607,33.8313683773,15.1,35.6288564659,28.4461696787,27.7696334255,15.331845356,71.6039121293,125.585135505,149.201798636,197.387800852,191.228159534,74.862145393
196,-18.7313683773,66.837854607,-25.4288564659,0.130366574474,22.168154644,-17.7039121293,-13.285135505,9.79820136407,-12.5878008518,-1.02815953395,61.8401277759,47.0,33.8313683773,74.862145393,35.6288564659,27.7696334255,15.331845356,71.6039121293,125.585135505,149.201798636,197.387800852,191.228159534
197,-14.8401277759,-1.02815953395,-18.7313683773,-25.4288564659,0.130366574474,22.168154644,-17.7039121293,-13.285135505,9.79820136407,-12.5878008518,97.5524663422,93.8,61.8401277759,191.228159534,33.8313683773,35.6288564659,27.7696334255,15.331845356,71.6039121293,125.585135505,149.201798636,197.387800852
198,-3.7524663422,-12.5878008518,-14.8401277759,-18.7313683773,-25.4288564659,0.130366574474,22.168154644,-17.7039121293,-13.285135505,9.79820136407,130.620340579,105.9,97.5524663422,197.387800852,61.8401277759,33.8313683773,35.6288564659,27.7696334255,15.331845356,71.6039121293,125.585135505,149.201798636
199,-24.7203405787,9.79820136407,-3.7524663422,-14.8401277759,-18.7313683773,-25.4288564659,0.130366574474,22.168154644,-17.7039121293,-13.285135505,111.284256505,105.5,130.620340579,149.201798636,97.5524663422,61.8401277759,33.8313683773,35.6288564659,27.7696334255,15.331845356,71.6039121293,125.585135505
200,-5.78425650518,-13.285135505,-24.7203405787,-3.7524663422,-14.8401277759,-18.7313683773,-25.4288564659,0.130366574474,22.168154644,-17.7039121293,91.3513480103,104.5,111.284256505,125.585135505,130.620340579,97.5524663422,61.8401277759,33.8313683773,35.6288564659,27.7696334255,15.331845356,71.6039121293
201,13.1486519897,-17.7039121293,-5.78425650518,-24.7203405787,-3.7524663422,-14.8401277759,-18.7313683773,-25.4288564659,0.130366574474,22.168154644,88.9236189315,66.6,91.3513480103,71.6039121293,111.284256505,130.620340579,97.5524663422,61.8401277759,33.8313683773,35.6288564659,27.7696334255,15.331845356
202,-22.3236189315,22.168154644,13.1486519897,-5.78425650518,-24.7203405787,-3.7524663422,-14.8401277759,-18.7313683773,-25.4288564659,0.130366574474,38.2182363577,68.9,88.9236189315,15.331845356,91.3513480103,111.284256505,130.620340579,97.5524663422,61.8401277759,33.8313683773,35.6288564659,27.7696334255
203,30.6817636423,0.130366574474,-22.3236189315,13.1486519897,-5.78425650518,-24.7203405787,-3.7524663422,-14.8401277759,-18.7313683773,-25.4288564659,56.3888839661,38.0,38.2182363577,27.7696334255,88.9236189315,91.3513480103,111.284256505,130.620340579,97.5524663422,61.8401277759,33.8313683773,35.6288564659
204,-18.3888839661,-25.4288564659,30.6817636423,-22.3236189315,13.1486519897,-5.78425650518,-24.7203405787,-3.7524663422,-14.8401277759,-18.7313683773,25.1023930598,34.5,56.3888839661,35.6288564659,38.2182363577,88.9236189315,91.3513480103,111.284256505,130.620340579,97.5524663422,61.8401277759,33.8313683773
205,9.39760694017,-18.7313683773,-18.3888839661,30.6817636423,-22.3236189315,13.1486519897,-5.78425650518,-24.7203405787,-3.7524663422,-14.8401277759,32.9908144398,15.5,25.1023930598,33.8313683773,56.3888839661,38.2182363577,88.9236189315,91.3513480103,111.284256505,130.620340579,97.5524663422,61.8401277759
206,-17.4908144398,-14.8401277759,9.39760694017,-18.3888839661,30.6817636423,-22.3236189315,13.1486519897,-5.78425650518,-24.7203405787,-3.7524663422,30.8633465428,12.6,32.9908144398,61.8401277759,25.1023930598,56.3888839661,38.2182363577,88.9236189315,91.3513480103,111.284256505,130.620340579,97.5524663422
207,-18.2633465428,-3.7524663422,-17.4908144398,9.39760694017,-18.3888839661,30.6817636423,-22.3236189315,13.1486519897,-5.78425650518,-24.7203405787,32.0714941456,27.5,30.8633465428,97.5524663422,32.9908144398,25.1023930598,56.3888839661,38.2182363577,88.9236189315,91.3513480103,111.284256505,130.620340579
208,-4.57149414557,-24.7203405787,-18.2633465428,-17.4908144398,9.39760694017,-18.3888839661,30.6817636423,-22.3236189315,13.1486519897,-5.78425650518,55.6012567627,92.5,32.0714941456,130.620340579,30.8633465428,32.9908144398,25.1023930598,56.3888839661,38.2182363577,88.9236189315,91.3513480103,111.284256505
209,36.8987432373,-5.78425650518,-4.57149414557,-18.2633465428,-17.4908144398,9.39760694017,-18.3888839661,30.6817636423,-22.3236189315,13.1486519897,123.383435461,155.4,55.6012567627,111.284256505,32.0714941456,30.8633465428,32.9908144398,25.1023930598,56.3888839661,38.2182363577,88.9236189315,91.3513480103
210,32.0165645391,13.1486519897,36.8987432373,-4.57149414557,-18.2633465428,-17.4908144398,9.39760694017,-18.3888839661,30.6817636423,-22.3236189315,164.98813254,154.7,123.383435461,91.3513480103,55.6012567627,32.0714941456,30.8633465428,32.9908144398,25.1023930598,56.3888839661,38.2182363577,88.9236189315
211,-10.2881325399,-22.3236189315,32.0165645391,36.8987432373,-4.57149414557,-18.2633465428,-17.4908144398,9.39760694017,-18.3888839661,30.6817636423,127.289198559,140.5,164.98813254,88.9236189315,123.383435461,55.6012567627,32.0714941456,30.8633465428,32.9908144398,25.1023930598,56.3888839661,38.2182363577
212,13.2108014408,30.6817636423,-10.2881325399,32.0165645391,36.8987432373,-4.57149414557,-18.2633465428,-17.4908144398,9.39760694017,-18.3888839661,105.810621849,115.9,127.289198559,38.2182363577,164.98813254,123.383435461,55.6012567627,32.0714941456,30.8633465428,32.9908144398,25.1023930598,56.3888839661
213,10.0893781508,-18.3888839661,13.2108014408,-10.2881325399,32.0165645391,36.8987432373,-4.57149414557,-18.2633465428,-17.4908144398,9.39760694017,86.4882515512,66.6,105.810621849,56.3888839661,127.289198559,164.98813254,123.383435461,55.6012567627,32.0714941456,30.8633465428,32.9908144398,25.1023930598
214,-19.8882515512,9.39760694017,10.0893781508,13.2108014408,-10.2881325399,32.0165645391,36.8987432373,-4.57149414557,-18.2633465428,-17.4908144398,30.6341903584,45.9,86.4882515512,25.1023930598,105.810621849,127.289198559,164.98813254,123.383435461,55.6012567627,32.0714941456,30.8633465428,32.9908144398
215,15.2658096416,-17.4908144398,-19.8882515512,10.0893781508,13.2108014408,-10.2881325399,32.0165645391,36.8987432373,-4.57149414557,-18.2633465428,31.4052773717,17.9,30.6341903584,32.9908144398,86.4882515512,105.810621849,127.289198559,164.98813254,123.383435461,55.6012567627,32.0714941456,30.8633465428
216,-13.5052773717,-18.2633465428,15.2658096416,-19.8882515512,10.0893781508,13.2108014408,-10.2881325399,32.0165645391,36.8987432373,-4.57149414557,14.2663222163,13.4,31.4052773717,30.8633465428,30.6341903584,86.4882515512,105.810621849,127.289198559,164.98813254,123.383435461,55.6012567627,32.0714941456
217,-0.866322216322,-4.57149414557,-13.5052773717,15.2658096416,-19.8882515512,10.0893781508,13.2108014408,-10.2881325399,32.0165645391,36.8987432373,29.0130677327,29.2,14.2663222163,32.0714941456,31.4052773717,30.6341903584,86.4882515512,105.810621849,127.289198559,164.98813254,123.383435461,55.6012567627
